INSERT INTO CITY("CITY_NAME") VALUES ('Barcelona');
INSERT INTO CITY("CITY_NAME") VALUES ('London');
INSERT INTO CITY("CITY_NAME") VALUES ('Warsaw');
INSERT INTO CITY("CITY_NAME") VALUES ('Lodz');
INSERT INTO CITY("CITY_NAME") VALUES ('Redmond');

INSERT INTO USERS("EMAIL", "FIRST_NAME", "LAST_NAME", "PHONE_NUMBER", "CITY_ID") VALUES ('lovciam@localhost', 'mateusz', 'su', '0700100200', 1);
INSERT INTO USERS("EMAIL", "FIRST_NAME", "LAST_NAME", "PHONE_NUMBER", "CITY_ID") VALUES ('lubieplacuszki@buziaczek.pl', 'adrian', 'sz', '0700300400', 1);

INSERT INTO ACCOUNT("LOGIN", "PASSWORD", "USER_ID") VALUES ('mateusz', 'mateusz', 1);
INSERT INTO ACCOUNT("LOGIN", "PASSWORD", "USER_ID") VALUES ('adrian' , 'adrian' , 2);

INSERT INTO ROUTE("START_CITY_ID", "END_CITY_ID") VALUES (1, 2);
INSERT INTO ROUTE("START_CITY_ID", "END_CITY_ID") VALUES (2, 3);
INSERT INTO ROUTE("START_CITY_ID", "END_CITY_ID") VALUES (3, 4);
INSERT INTO ROUTE("START_CITY_ID", "END_CITY_ID") VALUES (4, 5);

INSERT INTO TRANSIT("START_DATE", "DRIVER_ID", "ROUTE_ID", "ARCHIVED") VALUES ('2015-02-09 09:09:00.0', 1, 4, TRUE);
INSERT INTO TRANSIT("START_DATE", "DRIVER_ID", "ROUTE_ID", "ARCHIVED") VALUES ('2015-02-10 12:10:00.0', 2, 3, FALSE);
INSERT INTO TRANSIT("START_DATE", "DRIVER_ID", "ROUTE_ID", "ARCHIVED") VALUES ('2015-02-11 07:07:00.0', 2, 3, TRUE);
INSERT INTO TRANSIT("START_DATE", "DRIVER_ID", "ROUTE_ID", "ARCHIVED") VALUES ('2015-02-11 10:10:00.0', 2, 3, FALSE);
INSERT INTO TRANSIT("START_DATE", "DRIVER_ID", "ROUTE_ID", "ARCHIVED") VALUES ('2015-02-11 16:16:00.0', 2, 3, FALSE);
INSERT INTO TRANSIT("START_DATE", "DRIVER_ID", "ROUTE_ID", "ARCHIVED") VALUES ('2015-02-11 22:22:00.0', 2, 3, FALSE);
INSERT INTO TRANSIT("START_DATE", "DRIVER_ID", "ROUTE_ID", "ARCHIVED") VALUES ('2015-02-15 15:15:00.0', 2, 2, FALSE);
INSERT INTO TRANSIT("START_DATE", "DRIVER_ID", "ROUTE_ID", "ARCHIVED") VALUES ('2015-02-21 21:21:00.0', 2, 1, TRUE);
